videoId,author,comment,likeCount,publishedAt
lrCy9b3goZw,@arungamingffking,â¤ï¸,0,2025-07-18T14:32:46Z
lrCy9b3goZw,@ChintadaUdayKiran-h6j,ğŸ˜‚ğŸ˜‚ğŸ˜‚,0,2025-07-17T19:14:02Z
lrCy9b3goZw,@Majnu9669,Na favourite Ms narayana ğŸ˜Š,0,2025-07-17T04:52:19Z
lrCy9b3goZw,@RasoolRizu,ğŸ‰ğŸ‰ğŸ‰ğŸ‰ğŸ‰ğŸ‰,0,2025-07-17T04:52:00Z
lrCy9b3goZw,@LakshmikanthBV-v6c,â¤â¤â¤ğŸ˜‚ğŸ˜‚ğŸ˜‚,0,2025-07-16T16:49:38Z
lrCy9b3goZw,@karthikramamurthy,"Golden era of comedy- MS, Brahmanandam, venu Madhav, Kota,",1,2025-07-16T13:40:15Z
lrCy9b3goZw,@patnanasrinivasarao6846,Medi super combinationabba.ğŸ˜Š,0,2025-07-16T09:23:34Z
lrCy9b3goZw,@maniyaasinganamala5982,ğŸ‘ŒğŸ˜‚ğŸ˜‚ğŸ˜‚ğŸ˜‚ğŸ¤ğŸ‘â¤ï¸â¤ï¸â¤ï¸,0,2025-07-16T05:03:28Z
lrCy9b3goZw,@ksreddy115,à°®à°§à±à°¯à°²à±‹ à°®à±à°¯à±‚à°œà°¿à°•à± à°’à°•à°Ÿà°¿ à°¡à°¿à°¸à±à°Ÿà°°à±à°¬à±.,0,2025-07-15T12:59:39Z
lrCy9b3goZw,@ramprasad4788,Comedy legend reveal another legend humble ness,1,2025-07-15T07:56:25Z
lrCy9b3goZw,@swaroopchdsp1795,à°®à±€à°°à± à°…à°¦à°¿ à°—à°®à°¨à°¿à°‚à°šà°¡à°‚ ğŸ™ğŸ™ à°®à±€à°°à± à°•à±‚à°¡à°¾ à°—à±à°°à±‡à°Ÿà± ğŸ‘ğŸ‘,8,2025-07-14T17:33:11Z
lrCy9b3goZw,@ojasgambhira6,MS Narayana Sunil combo lo navvu Brahmi venumadhav kanna yekkuva ğŸ˜‚,0,2025-07-13T18:13:23Z
lrCy9b3goZw,@daivalaganesh9239,ğŸ’¯,0,2025-07-13T05:32:32Z
lrCy9b3goZw,@Raghavendra-u2z,Real hero's â¤â¤,0,2025-07-12T15:34:51Z
lrCy9b3goZw,@doublegamer7655,Natural actor MS Narayana hat's off to MSN...,0,2025-07-12T13:56:59Z
lrCy9b3goZw,@CogitoErgoSum1905,"Asalu mee batch antha extra ordinary legends sir. Meeru, ms, dharmavarapu, mallikarjuna rao, avs andaru okkokkaru okkokka gem. Meeru maa childhood. Mee comedy chooste malli pillalam aipoyinattu anipistundi",4,2025-07-12T10:36:28Z
lrCy9b3goZw,@GUTTAVALLINANI,Super sir Bramhi +M.S and kota+ babu mohan four pillars in 90s movies,0,2025-07-12T07:30:36Z
lrCy9b3goZw,@ramakantharsha4949,Ms narayana antene comedy chomedy ms narayana,0,2025-07-10T16:30:26Z
lrCy9b3goZw,@bharghavravipalli2181,Any ways MS won't comeback to compete.,0,2025-07-10T16:26:02Z
lrCy9b3goZw,@rameshkrishna697,We miss ms camedy,0,2025-07-09T12:24:27Z
nFz9joMjPUU,@NagulavanchaMadhu-g3v,Indian,0,2025-04-15T07:36:47Z
nFz9joMjPUU,@nasa_manasa,Vamsy à°¯à±‚ à°†à°°à± à°¸à±à°Ÿà±€à°²à°¿à°‚à°—à± à°®à±€..,0,2025-03-27T08:19:42Z
nFz9joMjPUU,@kamakyasharma431,This is correct bro,0,2024-10-27T03:16:23Z
nFz9joMjPUU,@ranjithkumardonthi8701,à°‡à°²à°¾à°‚à°Ÿà°¿ à°®à°¾à°Ÿà°²à± à°¨à°®à±à°®à±‡ à°…à°‚à°¦à°°à±‚ à°…à°ªà±à°ªà±à°² à°ªà°¾à°²à°¯à°¿ ğŸ‘† à°†à°°à°¿ à°ªà±‹à°¤à±à°¨à±à°¨à°¾à°°à±,0,2024-10-08T18:02:37Z
nFz9joMjPUU,@ranjithkumardonthi8701,"à°®à°¾ ğŸ˜€ à°‡à°‚à°Ÿà°¿ à°ªà°•à±à°•à°¨ à°®à°§à± à°…à°¨à°¿ à°µà±à°‚à°¡à±‡ à°µà°¾à°¡à± - à°‡à°²à°¾à°¨à±‡ à°…à°¨à°¿ - à°¸à°‚à°ªà°¾à°¦à°¨ - à°¸à°‚à°ªà°¾à°¦à°¨ à°…à°¨à°¿ à°¶à°¨à°¿à°µà°¾à°°à°‚ - Sunday à°…à°‚à°Ÿà±‚ à°²à±‡à°•à±à°‚à°¡à°¾  à°•à°·à±à°Ÿà°ªà°¡à°¿ ğŸ˜® à°¹à°°à±à°Ÿà± à°…à°Ÿà°¾à°•à± ğŸ«€ à°µà°šà±à°šà°¿ à°¸à°šà±à°šà°¾à°¡à±, just age 34 years - 
à°†à°¡à°¿ à°ªà±†à°³à±à°³à°¾à°‚ à°‡à°ªà±à°ªà±à°¡à± à°‡à°‚à°•à±Šà°•à±à°•à°°à°¿à°¨à°¿ à°ªà±†à°³à±à°³à°¿ à°šà±‡à°¸à±à°•à±Šà°¨à°¿ - à°…à°¦à±‡ à°‡à°‚à°Ÿà±à°²à±‹ à°µà°¾à°¡à± à°•à°·à±à°Ÿà°ªà°¡à°¿ à°¸à°‚à°ªà°¾à°¯à°¿à°‚à°šà°¿à°¨ à°µà°¾à°¡à°¿ à°…à°¦à±‡ à°‡à°²à±à°²à±, à°…à°¦à±‡ à°¬à±†à°¡à± à°ªà±ˆ à°µà±à°‚à°Ÿà±à°‚à°¦à°¿ ğŸ˜…
 à°ˆ à°¸à°‚à°˜à°Ÿà°¨ à°¤à±‹ à°¨à°¾à°•à± à°…à°°à±à°¦ à°®à±ˆà°¨ à°¨à°¿à°¤à±€ à°à°‚à°Ÿà°‚à°Ÿà±‡  à°µà°¾à°¡à°¿ à°¤à±‹à°¨à°¿ - à°µà±€à°¡à°¿ à°¤à±‹à°¨à°¿ à°•à°‚à°ªà±†à°°à± à°šà±‡à°¸à±à°•à±Šà°¨à°¿  à°†à°°à°¾à°Ÿ à°ªà°¡à±à°¡à°¾à°®à±‹ - à°†à°°à°¿à°ªà±‹à°¤à°¾à°‚  à°…à°¨à°¿ ğŸ˜€
à°®à°¨ à°•à±‡à°ªà°¾à°¸à°¿à°Ÿà°¿  à°à°‚à°¤à±‹  à°…à°‚à°¤à±‡ à°•à°·à±à°Ÿà°ªà°¡à°¾à°²à°¿ - à°“à°µà°°à± à°²à±‹à°¡à± à°µà±‡à°¸à±à°¤à±‡  à°‡à°‚à°œà°¨à± à°¸à±à°Ÿà°•à± à°…à°¯à°¿ à°«à±†à°¯à°¿à°²à± à°…à°µà±à°¤à±à°‚à°¦à°¿",1,2024-10-08T17:56:03Z
nFz9joMjPUU,@subashtejasvi2797,Bro neku okka title evvali.. Am seeking for that,0,2024-09-30T00:04:20Z
nFz9joMjPUU,@PKSD2019,"Kalam eppudu okela undadu. Neek sampayichali ani kasi undotchu...bayta jobs kuda undali...neek health bagundali...mee family bagundali. 

So money vachetappude save chesko. Bags...watches ...cars..ivi tindi pettav. 

Bhumi...gold... investments chey. Kashtam lo aadukuntayy",0,2024-09-29T07:05:17Z
nFz9joMjPUU,@aravind_gowda,Kiran is correct ğŸ’¯ 1 crore petti konna watch lo time matrame telustadhi manam time ni change cheyyalem kadha .. okari mundhu show dengadaniki konakunda unte chalu like iphone,0,2024-09-24T07:15:31Z
nFz9joMjPUU,@Hakuna_Mataata,"Am sorry if am pointing out .. I only see ur shorts.. 

But epudu anchor ala kalu meeda kalu veskotam chudledu but y in this short 

Doesnâ€™t it feel odd .. nd yeah Der is a way if u cross ur legs dats not wrong but I didnâ€™t see dis anchor doing it by u here",0,2024-09-23T16:35:45Z
nFz9joMjPUU,@user-1234abcd5,"Great words .. spend for required.. neeku nachina matallu positive, neku against vunnavi negative..this is biggest enemy for a bussiness man",0,2024-09-21T17:31:02Z
nFz9joMjPUU,@babubojjabojjaganesh8622,Bongulo soudhi,0,2024-09-19T17:10:14Z
nFz9joMjPUU,@Nagaswetha7,Mana middle class vallu money ekkada pedite grow avutam anukontamkani ani aadambaralaku pomu,0,2024-09-18T09:22:05Z
nFz9joMjPUU,@BatmanPattinson-u1p,Hate is unnecessary.... Kiran Abbavaram is always Humble and decent guy â¤,0,2024-09-15T21:24:32Z
nFz9joMjPUU,@Ravindra-25m,Chilara.vallaki. Entaruv. Evadhu. Anna,0,2024-09-15T01:01:13Z
nFz9joMjPUU,@manikantarahul3406,à°•à°¿à°°à°£à± à°šà±†à°ªà±à°ªà°¿à°¨à°¦à°¿ à°•à°°à±†à°•à±à°Ÿà±,2,2024-09-14T05:26:57Z
nFz9joMjPUU,@CB-pg3rc,"Invest in stocks or crypto.. do research before investing .. rather than materialistic investments, atleast gold is safe ..",0,2024-09-13T14:56:05Z
nFz9joMjPUU,@kondrothusuryakrishna3994,à°…à°µà±à°¨à± à°¯à°¾à°‚à°•à°°à± à°²à°¾à°¨à±‡ à°®à°¨ à°ªà±Šà°²à°¿à°Ÿà±€à°·à°¿à°¯à°¨à±à°¸à± à°†à°²à±‹à°šà°¿à°¸à±à°¤à±à°¨à±à°¨à°¾à°°à± à°à°²à°¾ à°†à°²à±‹à°šà°¿à°‚à°šà±‡ à°µà°¾à°°à°‚à°¦à°°à±‚ à°šà°¿à°µà°°à°¿à°•à°¿ à°…à°²à°¾ à°¤à°¯à°¾à°°à°µà±à°¤à±à°¨à±à°¨à°¾à°°à±,0,2024-09-13T11:35:05Z
nFz9joMjPUU,@indiran9073,"Well said Kiran garu ,i agree ğŸ‰ğŸ‰",0,2024-09-12T10:13:54Z
nFz9joMjPUU,@srisri1965,Attitude star,1,2024-09-10T08:03:35Z
nFz9joMjPUU,@rachelsireesha6693,"Anchor ji, meeku vizag lo clothes show room undhi kada? I have seen you somewhere... However i guess i am right about this...",1,2024-09-10T06:50:25Z
M3ofIVGaqeo,@nidadavolusrinivas8029,â¤â¤â¤,4,2024-10-02T08:44:45Z
M3ofIVGaqeo,@ramuvenkata7459,Super mam,5,2024-08-07T04:22:06Z
M3ofIVGaqeo,@suvarnaprathapreddymula4231,Thank you mam ğŸ‘ğŸ‘ğŸ‘ğŸ‘ğŸ‘ğŸ‘ğŸ‘ğŸ™ğŸ™ğŸ™,25,2024-08-04T17:06:10Z
M3ofIVGaqeo,@sitharam1223,Yes,6,2024-04-09T03:32:27Z
M3ofIVGaqeo,@DS-dt8si,"Every Rule has  "" A practical reason"" behind it.  You can make rules & break rules as per your Practicality to move on.",310,2024-04-09T03:16:40Z
M3ofIVGaqeo,@renjarlaashok8795,Madam interview chesi podcasts ki respect pencharu,6,2024-04-09T03:03:54Z
M3ofIVGaqeo,@Tony-xp3mt,"à°†à°¡à°µà°¾à°³à±à°³à± à°…à°¹à± à°¸à°®à°¯à°‚à°²à±‹ à°µà°¾à°³à±à°³à± infection à°•à°¿ à°—à±à°°à°¿ à°•à°¾à°•à±à°‚à°¡à°¾ à°‰à°‚à°¡à°Ÿà°¾à°¨à°¿à°•à°¿ à°ªà±†à°Ÿà±à°Ÿà°¾à°°à±, à°ªà±€à°°à°¿à°¯à°¡à±à°¸à± à°Ÿà±ˆà°‚ à°²à±‹ à°†à°«à±€à°¸à± à°² à°²à±‹ à°µà±†à°³à±à°²à°¿à°¨ à°µà°¾à°³à±à°³à± à°à°‚à°¤ à°‡à°¬à±à°¬à°‚à°¦à°¿ à°ªà°¡à°¤à°¾à°°à±? à°…à°²à°¾ à°…à°¨à°¿ à°…à°‚à°Ÿà°¾à°°à°¨à°¿ à°µà°¾à°³à±à°³à± à°…à°¨à°¿ à°…à°°à±à°¥à°®à°¾? à°­à°¾à°°à°¤à±€à°¯ à°¸à°‚à°¸à±à°•à±ƒà°¤à°¿ à°…à°‚à°Ÿà±‡à°¨à±‡ à°ˆ à°®à°§à±à°¯ à°¤à°ªà±à°ªà± à°…à°¯à°¿à°ªà±‹à°¯à°¿à°‚à°¦à°¿.",2,2024-04-09T02:20:51Z
M3ofIVGaqeo,@visaconsultant1110,Culture is culture u can't change tradition,23,2024-04-08T23:22:46Z
M3ofIVGaqeo,@leelasankarkogili2978,Well said madam,10,2024-04-08T22:40:08Z
M3ofIVGaqeo,@chikki2591,i love this interview,3,2024-04-08T20:30:12Z
M3ofIVGaqeo,@naninarendra8936,à°…à°‚à°¦à±à°•à±‡ à°¹à°¿à°‚à°¦à±à°µà±à°¨à°¿ à°²à±‡à°•à±à°‚à°¡à°¾ à°šà±‡à°¸à±à°¤à°¾à°‚ à°®à°¾ à°œà°—à°¨à± à°®à°¾à°µà°¯à±à°¯ à°šà±‡à°¸à±‡ à°ªà°¨à°¿ à°…à°¦à±‡ à°¦à°¯à°šà±‡à°¸à°¿ à°œà°—à°¨à±à°®à°¾à°¤à°•à± à°“à°Ÿà±†à°¯à±à°¯à°‚à°¡à°¿,3,2024-04-08T19:09:21Z
M3ofIVGaqeo,@saipavandlover7332,"ALAGE POOJA LO UNNAPUDU MADI KATTUKONI KURCHUNTARU POOJA TIME LO WASHROOM VACHINA DANI THARVATA SNANAM CHESI POOJA CHESTARU ALANTIDI RAKTA SHRAVAM JERIGE THAPPUDU POOJA LO ELA KURCHUNTARU THAT MEANS IT IS NOT IMPURE AAA SAMAYAM LO VALLU MENTAL GA KUDA DISTURB GA UNTARU DENIKI ATTENTION IVVALERU KABATTI POOJA JERIGE THAPPUDU AA KRAMAM PATLA MANAM ATTENTION PATTISTE VACHE RESULT VERU KABATTI VALLU AAA SAMAYAM LO VALLAKI RESPECT ALA ICHARU BECAUSE IT IS THE CAUSE OF ONES BIRTH , OUR SANATAM IS ETERNITY KABATTI VEETINI ARDHAM KAKA POTHE AVAHELLANA CHEYAKUNDA ARTAM CHESUKOVADANIKI PRAYATNINCHANDI ğŸ™",9,2024-04-08T18:40:08Z
M3ofIVGaqeo,@srujankasturi5737,Dr gaaru right,3,2024-04-08T18:38:57Z
M3ofIVGaqeo,@vkproductions8829,"Pedda vallaki easy ga ardam avvadaniki, telugu captions pettaru kada....Great bro ğŸ‘ğŸ‘....keep rocking!!",72,2024-04-08T18:35:59Z
M3ofIVGaqeo,@mksview999,Yetha parfect ga chepparu medam reason behind period restitution edhi thelika pechi pechi chetharu janalu,20,2024-04-08T17:53:06Z
M3ofIVGaqeo,@rst700,Orey yerri puvva...aa rojullo..sanitary pads levu raa ayyaa..andhuke oka chota undu mane varu....kani ....periods pain ani cramps ani entha edchinaa..leaves levu...except..you have some casual leaves...mari aaa rojullo..oka chota kurchoni rest teesukovadam chala better raa ayya,6,2024-04-08T17:35:02Z
M3ofIVGaqeo,@sriharivallabha,Periods ni physical gaa chuste em ledu anipistundi. Danni lo Cha adhyaymikata dagi undi...Adi ardham chesukovalante..Dharma vicharam cheste artham avuthundi...dayachesi Mee views kosam ituvanti vishyalanu vadukovaddu...innallu Mee views meeda good opinion undi....,49,2024-04-08T17:33:26Z
M3ofIVGaqeo,@rajivdhulipala6966,"Ma intlo kuda idhi undhi and frankly more than men , women in my house act too untouchable . Poraaptuna touch ayna pedda godava chesevallu. I never used to understand what is this custom all about even after studying menstrual cycle . But aa custom manchidhe to give rest to women during thay time . But making them untouchable even in today's society amd doing all this shall stop . I would like to stop this taboo with my mom's gen only . The essence of human life lies in menstrual cycle . Stop following these useless customs and care your women in u r house . Be it your mom or sister or wife or daughter .",7,2024-04-08T17:07:59Z
M3ofIVGaqeo,@bsbmmsriganesha8824,Correct cheppaaru medumğŸ‘ğŸ™,4,2024-04-08T16:51:34Z
M3ofIVGaqeo,@advait_enthusiast,"Just because life exists because of period blood , it will not become pure 

You have to understand that apart from physical , we have subtle and casual body 

Our anscestors mentioned about subtle body being impure during those times

Water , also can become an impurity at times when something is packed dry ,moisture will spoil it 

Similarly even though life exists of menstruation  , it is still impure from spiritual point of view",25,2024-04-08T16:43:27Z
ATL2SN4XckI,@tummuri1972,ğŸ™,0,2025-07-14T10:43:29Z
ATL2SN4XckI,@rameshkarengala8470,ğŸ™,0,2025-07-10T17:03:58Z
ATL2SN4XckI,@g.k.r9918,à°•à±Šà°¨à±à°¨à°¿ à°®à±à°¦à±à°¦à± à°®à±Šà°¹à°¾à°²à°•à± à°‡à°‚à°•à°¾ à°…à°°à±à°¥à°‚ à°•à°¾à°µà°¡à°‚ à°²à±‡à°¦à°‚à°¡à°¿ 36 à°¸à°‚à°µà°¤à±à°¸à°°à°¾à°²à± à°µà°šà±à°šà°¿à°¨ à°¸à°°à±‡ à°•à±Šà°¨à±à°¨à°¿ à°®à±à°¦à±à°¦à± à°®à±Šà°–à°¾à°¨à°¿à°•à°¿ à°…à°°à±à°¥à°‚ à°•à°¾à°µà°¡à°‚ à°²à±‡à°¦à±,0,2025-07-07T08:18:39Z
ATL2SN4XckI,@kprasad977,Super mam,0,2025-07-05T15:20:38Z
ATL2SN4XckI,@viijay4751,"à°‡à°ªà±à°ªà±à°¡à± à°®à±€à°°à± à°šà±†à°ªà±à°ªà°¿à°‚à°¦à°¿ à°°à±ˆà°Ÿà± à°…à°‚à°Ÿà°¾à°°à°¾ 
à°…à°²à°¾à°—à±ˆà°¤à±‡ à°’à°• 60 à°‡à°¯à°°à±à°¸à± à°¬à°¿à°«à±‹à°°à±???
à°à°‚à°¦à±à°•à± 50 à°¸à°‚à°µà°¤à±à°¸à°°à°¾à°²à± à°µà°šà±à°šà°¿à°¨ à°†à°¡à°µà°¾à°³à±à°²à± à°•à±‚à°¡à°¾ à°ªà°¿à°²à±à°²à°²à±à°¨à°¿ à°•à°¾à°¨à±€ à°à°µà°°à± ?? 
à°…à°ªà±à°ªà±à°¡à± à°¤à°¿à°¨à±‡ à°¤à°¿à°‚à°¡à°¿ à°…à°ªà±à°ªà±à°¡à± à°‰à°‚à°¡à±‡ à°•à±à°°à°®à°¶à°¿à°•à±à°·à°£ 
 60 à°¸à°‚à°µà°¤à±à°¸à°°à°¾à°² à°•à°¿à°‚à°¦à°Ÿ à°ªà±†à°Ÿà±à°Ÿà°¿à°¨ à°¤à°¿à°‚à°¡à°¿ à°…à°ªà±à°ªà±à°¡à± à°¨à°¡à°µà°¡à°¿ à°‡à°ªà±à°ªà°Ÿà°¿à°•à±€ à°šà°¾à°²à°¾ à°¤à±‡à°¡à°¾ à°µà°šà±à°šà°¿à°‚à°¦à°¿??
à°† à°Ÿà±ˆà°‚à°²à±‹ à°ªà±†à°Ÿà±à°Ÿà°¿à°¨ à°¤à°¿à°‚à°¡à°¿ à°† à°Ÿà±ˆà°‚à°²à±‹ à°ªà±†à°Ÿà±à°Ÿà°¿à°¨ à°•à±à°°à°®à°¶à°¿à°•à±à°·à°£ 
à°µà°¾à°³à±à°²à°•à± à°à°‚à°¤ à°®à°‚à°¦à°¿ à°¸à°‚à°¤à°¾à°¨à°‚ à°‰à°‚à°¡à±‡à°µà°¾à°°à± 
à°…à°ªà±à°ªà±à°¡à± à°ªà°¿à°²à±à°²à°²à°•à± à°à°‚ à°ªà±†à°Ÿà±à°Ÿà°¾à°°à± à°‡à°ªà±à°ªà±à°¡à± à°à°‚ à°ªà±†à°¡à±à°¤à±à°¨à±à°¨à°¾à°°à±???",0,2025-07-05T15:05:56Z
ATL2SN4XckI,@rowdyboyswhity2617,Mammala anipichiv maa,0,2025-07-05T12:57:31Z
ATL2SN4XckI,@rowdyboyswhity2617,Supar maa,0,2025-07-05T12:55:35Z
ATL2SN4XckI,@voice_oftelugu_youth3827,50 years lo kanevallu vunnaru but me explaining bavundhi,0,2025-07-05T07:07:24Z
ATL2SN4XckI,@AniReddy27323,à°…à°°à±† à°¬à°¾à°¬à± à°¨à±€ à°«à±‡à°¸à± à°…à°²à°¾ à°ªà±†à°Ÿà±à°Ÿà°•à±à°°à°¾ à°“à°µà°°à°¾à°•à±à°·à°¨à± à°«à±‡à°¸à± à°šà±‚à°¸à±‡à°µà°¾à°³à±à°³à°•à°¿ à°…à°°à±à°¥à°®à°µà±à°¤à±à°‚à°¦à°¿ à°¯à°¾à°•à±à°·à°¨à± à°šà±‡à°¸à±à°¤à±à°¨à±à°¨à°¾à°µà± à°…à°¨à°¿,0,2025-07-05T06:49:48Z
ATL2SN4XckI,@manjureddygbd1836,Very nice information and super explanation,0,2025-07-05T04:37:10Z
ATL2SN4XckI,@rameshchary1900,ğŸ™ğŸ™ğŸ™,0,2025-07-05T01:54:58Z
ATL2SN4XckI,@rameshchary1900,Super mam,0,2025-07-05T01:53:43Z
ATL2SN4XckI,@ShaikShabana-q7l,Good message thank you madam ğŸ˜ŠğŸ˜ŠğŸ˜ŠğŸ˜®ğŸ˜®,0,2025-07-03T17:42:23Z
ATL2SN4XckI,@bhanusri7588,à°šà°¾à°²à°¾ à°¬à°¾à°—à°¾ à°µà°¿à°µà°°à°¿à°‚à°šà°¾à°°à± à°®à±‡à°¡à°‚ ğŸ‘Œ,0,2025-07-03T17:02:43Z
ATL2SN4XckI,@kavyamaheshwaramdevarakond2073,Good explanation,0,2025-07-03T11:46:54Z
ATL2SN4XckI,@sri-x7h1l,Correct andi late marriage chesukuntunaru,0,2025-07-03T07:35:52Z
ATL2SN4XckI,@ManglaramVinod-is2ml,Excellent explanation madam tqâ¤,0,2025-07-03T06:20:03Z
ATL2SN4XckI,@BandiRamesh-r5f,ğŸ‘ŒğŸ‘ŒğŸ™ à°¥à°¾à°‚à°•à±à°¯à±‚ à°®à°¾à°®à±,0,2025-07-02T17:44:19Z
ATL2SN4XckI,@Adepumounika-c5h,Madam your amazing ğŸ˜ğŸ˜ tq give good information ğŸ¤—ğŸ¤—ğŸ˜,0,2025-07-02T13:36:25Z
ATL2SN4XckI,@parashuramkommineni7931,Super â™¥ï¸ğŸ’¯,0,2025-07-02T09:19:05Z
WwZZly6Pd9k,@sudhasarella5106,Correct,0,2025-07-19T01:31:45Z
WwZZly6Pd9k,@pavithras4528,ğŸ˜Š,1,2025-07-18T19:56:23Z
WwZZly6Pd9k,@Kishore-j9f,Appudu technology ledu andukey,0,2025-07-18T14:14:44Z
WwZZly6Pd9k,@saichannel7006,â¤â¤â¤,0,2025-07-18T14:13:04Z
WwZZly6Pd9k,@deepthireddybilla2252,Good ğŸ‘â¤ target ğŸ¯ super ğŸ’¯ğŸ‘ madam â¤,0,2025-07-18T10:07:17Z
WwZZly6Pd9k,@Lkncdkl,Supet,0,2025-07-18T09:10:01Z
WwZZly6Pd9k,@Dam12-m4l,"à°…à°‚à°¦à°°à±‚ à°…à°®à°²à±à°²à±‹ à°®à°¤à±à°¤à± à°‰à°‚à°¡à°¦à±, à°…à°‚à°¦à°°à°¿à°•à±€ à°µà°¾à°³à±à°² à°®à±€à°¦ à°®à°¤à±à°¤à± à°‰à°‚à°¡à°¦à±,
Howmany accept it?",0,2025-07-18T07:37:54Z
WwZZly6Pd9k,@danduvamsikrishna2524,"Now shift was happened,
Money is maththu now
Girl became easy available now as bcz of urbanization",0,2025-07-17T18:04:19Z
WwZZly6Pd9k,@manchikantisudarshan2013,These days more womens unhealthy but ur msg good,0,2025-07-17T17:19:22Z
WwZZly6Pd9k,@gunman-x9c3,They won't need men in this generation.,0,2025-07-17T12:28:46Z
WwZZly6Pd9k,@gowrishankarmichael1463,Bhayata kanapadodhu narukutharuğŸ˜‚,0,2025-07-17T09:50:29Z
WwZZly6Pd9k,@Lifesobeautiful,"Pelli chesukunna prathi okaru santhosam ga leru 99% .

Chesina thappu ni sarichesukovali ani anukunna manavala kadu",0,2025-07-17T08:54:30Z
WwZZly6Pd9k,@IlavathiPolaki,â¤â¤â¤â¤â¤,0,2025-07-17T04:44:34Z
WwZZly6Pd9k,@nagendernag8492,Super â¤â¤â¤â¤â¤â¤â¤,0,2025-07-16T13:59:51Z
WwZZly6Pd9k,@SRVVRCREATIONS143,"à°‡à°ªà±à°ªà°Ÿà°¿ à°•à°¾à°²à°‚ à°²à±‹ à°ˆ à°œà°¨à°°à±‡à°·à°¨à± à°²à±‹ à°†à°¡, à°®à°— à°à°µà°°à± à°‡à°²à°¾ à°‰à°‚à°¡à°Ÿà°‚ à°²à±‡à°¦à±.......... à°‡à°¦à±à°¦à°°à°¿à°²à±‹ à°•à±‚à°¡à°¾ à°…à°°à±à°§à°‚ à°šà±‡à°¸à±à°•à±à°¨à±‡ à°µà°¿à°§à°¾à°¨à°‚ à°²à±‹à°ªà°¿à°¸à±à°¤à±à°‚à°¦à°¿...... à°…à°‚à°¦à±à°•à±‡ à°à°•à±à°•à±à°µ à°•à°¾à°²à°‚ à°•à°²à°¿à°¸à°¿ à°•à°¾à°ªà±à°°à°‚ à°šà±†à°¯à±à°¯à°¡à°‚ à°²à±‡à°¦à± à°µà°¿à°¡à°¾à°•à±à°²à°¤à±‹ à°µà°¿à°¡à°¿à°ªà±‹à°¤à±à°¨à±à°¨à°¾à°°à±......",0,2025-07-16T13:13:21Z
WwZZly6Pd9k,@ramup9146,Inka nashanam avala medam roju oka News chalu ğŸ˜¢,0,2025-07-16T12:42:51Z
WwZZly6Pd9k,@Nagababu666,me wife me dhagira undali antaaa...! rapu ana roju brathakali anta money undali ğŸ˜…,0,2025-07-16T12:41:13Z
WwZZly6Pd9k,@kpuli8320,100 True,0,2025-07-16T11:42:46Z
WwZZly6Pd9k,@GangarajuGollori,ğŸ’¯% Correct mam .....,0,2025-07-16T10:22:24Z
WwZZly6Pd9k,@maleshvari6012,â¤â¤â¤â¤â¤â¤â¤â¤â¤,0,2025-07-16T02:33:08Z
FwUmbUMrpw0,@LaxmanKumar-ol4sd,Vedi calls ammutadu,0,2025-06-01T13:26:09Z
FwUmbUMrpw0,@DigitalTrendzy2023,Janalani emarche vallu confuse chesevallu rkuvayipoyaru north india lo ğŸ˜¢ğŸ˜¢ğŸ˜¢,0,2025-06-01T06:44:05Z
FwUmbUMrpw0,@chandrasekhar5858,"I see one person from telugu community no youtube channel only ads in YouTube once we attend the session, they start motivate the people to buy their course",0,2025-05-18T15:22:18Z
FwUmbUMrpw0,@banjali4959,This is true...,0,2025-05-18T14:13:55Z
FwUmbUMrpw0,@anjankumartata,I am happy to see you on podcast,0,2025-05-16T20:06:12Z
FwUmbUMrpw0,@myteacher3564,I loss 1cr because madam,0,2025-05-16T06:13:59Z
FwUmbUMrpw0,@SharmilaOleti-gb5ku,"Recently, around the same time, I received a call from one of my office colleagues. He said there were openings in their business franchise and asked if Iâ€™d be willing to join. I agreed, and we arranged a meeting. During the meeting, he asked if I could dedicate 4 hours a day and whether I was ambitious about business. I said yes.

Later, they asked me to meet someone else who asked me a few more questions. After the discussion, they said they were okay with me joining their group. However, they said I would need to pay 5.5 lakhs as capital and an additional 1.5 lakhs for a business trip abroad to meet their partners. They fixed a day for me to meet a senior member who would explain everything. They said if I liked what I heard, I could proceed, otherwise it was okay to back out.

They claimed they were earning more than 1 lakh every week, with some buying houses in Dubai, luxury watches, and cars. One person said, â€œIâ€™m just 25 and already earning a fancy amount.â€ I agreed to hear more. When I asked about the actual business, I realized it was not what they claimed.selling good directly based on requirements is diff but hear they are cheating people by saying you have potential growth buy doing this business 

It seemed like they were deceiving people by calling it a franchise. They asked for a 6.5 lakh investment, suggested taking a loan, and promised high returns. They said I would have to buy products like water purifiers, watches, and other itemsâ€”i know this if i buy they would earn 20-30% commission on them.what ever i purchased next on words as well they get commission.

When I questioned why I should buy products I donâ€™t need, they said, â€œWithout using the product, how will you do business?â€ It became clear that their main goal was to recruit as many people as possible, take their money, and keep the cycle going. They even said if want small amount be a direct seller without joins people but get little amount will get i you want more have to bring in more people to recover my investment for thus they will train you which group of people you need to target how to target and how to let them curious about making-money. 

Itâ€™s obvious now: this is not a real business but a recruitment-based model where only the people at the top make money.",0,2025-05-09T10:53:16Z
FwUmbUMrpw0,@350-Rider-editz,Smart bro...(Day Trader telugu ),0,2025-04-28T16:51:48Z
FwUmbUMrpw0,@madhumuppala2274,à°šà°¾à°²à°¾ à°‰à°ªà°¯à±‹à°—à°°à°®à±ˆà°¨ à°¨à±à°¯à±‚à°¸à± à°¬à±à°°à°¦à°°à±. à°…à°¯à°¿à°¤à±‡ à°¦à±€à°¨à°¿ à°¨à±à°‚à°šà°¿ à°ªà±à°°à±Šà°Ÿà±†à°•à±à°Ÿà± à°šà±‡à°¸à±à°•à±à°¨à±‡ à°²à±‹ à°—à°¾ à°•à±Šà°¤à±à°¤ à°¸à±à°•à°¾à°‚ à°µà°¸à±à°¤à±à°‚à°¦à°¿.,0,2025-04-24T22:37:13Z
FwUmbUMrpw0,@veerasrinivasgundubogula,"Policy bazaar app nu promote chesthunnaru meeru 
Idi antha kante crime Revanth 
Health insurance claim time lo claim support lekapote a family chala suffer avuthundhi
Aa papam meedhe revanth",0,2025-04-23T11:00:02Z
FwUmbUMrpw0,@bhuvaneshwaris608,Good one,0,2025-04-22T17:46:03Z
FwUmbUMrpw0,@TechLearning-f6e,ğŸ˜‚ğŸ˜‚ à°®à°—à±à°µà°¾ à°®à°—à±à°µà°¾ à°¨à±€ à°¸à°¹à°¨à°¾à°¨à°¿à°•à°¿ à°¸à°°à°¿à°¹à°¦à±à°¦à±à°²à± à°•à°²à°µà°¾???,0,2025-04-20T10:05:48Z
FwUmbUMrpw0,@naveensai8873,Bro u r crt my dear bro it's very fraud it's totally fraud nothing it's making to its market trade strategy so plse plse don't follow through itttğŸ˜¢ğŸ˜¢ğŸ˜¢ğŸ˜¢,0,2025-04-20T01:10:09Z
FwUmbUMrpw0,@VasamsettiDivyasaiPravee-sk9ww,Super bro,0,2025-04-18T08:32:04Z
FwUmbUMrpw0,@saikumarroyyala,Hope ğŸ˜¢ for #corruptfreeIndia,0,2025-04-18T03:14:25Z
FwUmbUMrpw0,@SeenaK-bi7js,Mana desam lo cristianity kuda ila ne start aindhi,1,2025-04-17T06:47:44Z
FwUmbUMrpw0,@danammukka,ğŸ‰ğŸ‰ğŸ‰ğŸ‰ğŸ‰,0,2025-04-16T08:17:22Z
FwUmbUMrpw0,@danammukka,â¤â¤â¤â¤â¤,0,2025-04-16T08:17:17Z
FwUmbUMrpw0,@danammukka,â¤â¤â¤â¤â¤,0,2025-04-16T08:17:06Z
FwUmbUMrpw0,@danammukka,â¤â¤â¤,0,2025-04-16T08:16:53Z
eK71EN3P78U,@KalaguraJyothi,Super â¤ ever green podcast ğŸ‰â¤ğŸ˜Š,0,2025-07-18T16:06:55Z
eK71EN3P78U,@pavankumar-o3l1r,"ğŸŒŸ BRAHMANANDAM â€“ A Divine Medicine of Joy ğŸŒŸ

In this great drama called life, every soul enters with a pre-installed karma chip â€”
Whether good or bad, itâ€™s already encodedâ€¦
And weâ€™re all thrown onto Earth to play our parts in this vast cosmic play.

But amidst this journey filled with struggles, stress, and sorrow,
God sent one divine medicine to Earth â€” Laughter.
And the face of that laughterâ€¦ is Dr. Brahmanandam garu.

He is not just a comedy legend.
He is a living remedy, lovingly crafted by the Creator,
To heal hearts, lift spirits, and make the world smile again.

When people are broken insideâ€¦
When life feels heavyâ€¦
One look at his expression,
One line of his dialogue,
One unexpected body movement â€”
And suddenly, everything feels lighter.

His comedy isnâ€™t just funny â€”
Itâ€™s divine therapy for the soul.



ğŸ”± BRAHMA (à°¬à±à°°à°¹à±à°®)
â€“ Refers to the Supreme Creator, the source of all cosmic energy
â€“ Symbol of infinite knowledge, truth, and limitless creation

âœ¨ ANANDAM (à°†à°¨à°‚à°¦à°‚)
â€“ Means bliss, joy, divine happiness
â€“ Not ordinary happiness, but the kind that gives eternal peace and inner freedom

So together â€”
BRAHMA + ANANDAM = BRAHMANANDAM (à°¬à±à°°à°¹à±à°®à°¾à°¨à°‚à°¦à°‚)

â€œThe Bliss of the Supremeâ€
â€œThe Divine Joy of Creationâ€

A name so powerfulâ€¦
Itâ€™s not just a name â€” itâ€™s a purpose.



A medicine called Laughter â€” with a face weâ€™ll never forget.

ğŸ™ Thank you, Brahmanandam garu, for being the joy this world needs.
You are not just ""funny"" â€”
You are divinely meaningful.",1,2025-07-18T11:28:14Z
eK71EN3P78U,@commanman_81,"à°¤à±†à°²à±à°—à± à°šà°²à°¨à°šà°¿à°¤à±à°° à°šà°°à°¿à°¤à±à°°à°²à±‹ à°®à±€à°•à±à°¨à±à°¨à°‚à°¤ à°®à°‚à°¦à°¿ à°…à°­à°¿à°®à°¾à°¨à±à°²à± à° à°¨à°Ÿà±à°¡à°¿à°•à°¿ à°²à±‡à°°à±, à°  à°¹à±€à°°à±‹ à°•à±‚à°¡à°¾  à°²à±‡à°°à±.",1,2025-07-17T16:35:24Z
eK71EN3P78U,@subramanyamrs9440,1:35 GuRuJi GaRu ğŸ’ğŸ’‰ğŸ¥µ 2:05 Really WondeR GuRuJi GaRu meeruâ¤âœ¨ğŸ’,0,2025-07-17T14:32:43Z
eK71EN3P78U,@NityalPhysio,Super and inspiration.  I liked what brahmanandam Garu spoke about Karma Siddhantham,0,2025-07-17T11:28:09Z
eK71EN3P78U,@ravikiransirsi,â¤â¤ğŸ™ğŸ™,0,2025-07-16T18:49:50Z
eK71EN3P78U,@RasamallaRadhika-t2d,Miru chala chala great sir super,0,2025-07-16T16:45:51Z
eK71EN3P78U,@laxmi7072,"à°¬à°¾à°—à±à°‚à°¦à°¿, à°¨à°¾à°•à± à°…à°‚à°¦à°°à± à°¹à°¾à°¸à±à°¯à°¨à°Ÿà±à°²à± à°®à°°à°¿à°¯à± à°—à±Šà°ªà±à°ª à°¨à°Ÿà±à°² à°ªà°¾à°¡à±â€Œà°•à°¾à°¸à±à°Ÿà±â€Œà°²à± à°•à°¾à°µà°¾à°²à°¿. à°¨à±‡à°¨à± à°µà°¾à°Ÿà°¿à°¨à°¿ à°šà±‚à°¡à°Ÿà°‚ à°†à°¨à°‚à°¦à°¿à°‚à°šà°¾à°¨à±, 2 à°—à°‚à°Ÿà°² à°¸à°¿à°¨à°¿à°®à°¾ à°•à°‚à°Ÿà±‡ à°¬à°¾à°—à±à°‚à°¦à°¿. à°¤à°¦à±à°ªà°°à°¿à°¸à°¾à°°à°¿ à°à°µà°°à±ˆà°¨à°¾ à°¹à±€à°°à±‹ à°²à±‡à°¦à°¾ à°¹à±€à°°à±‹à°¯à°¿à°¨à±â€Œà°¨à± à°¤à±€à°¸à±à°•à±à°°à°‚à°¡à°¿.ğŸ˜‚ğŸ˜‚â¤",0,2025-07-15T04:48:40Z
eK71EN3P78U,@SoldierSurya-qk9wb,Without skip brahmanandam garu â¤,0,2025-07-14T20:07:25Z
eK71EN3P78U,@Prasadmudiraj1999,Guru jiii ğŸ™‡ğŸ»ğŸ™ŒğŸ»ğŸ™ŒğŸ»ğŸ™ŒğŸ»,0,2025-07-14T19:00:02Z
eK71EN3P78U,@RanjithRocks18,Super vundi anna,0,2025-07-13T17:32:54Z
eK71EN3P78U,@Dayaeditor1999,Hindi me banao please ğŸ˜¢ğŸ˜¢,0,2025-07-11T13:41:49Z
eK71EN3P78U,@lalithasurisetti9102,apedham sir apedham sir antune 27 minutes extend chesav bro ğŸ‰,0,2025-07-11T12:27:49Z
eK71EN3P78U,@vamshikumar1865,"Chivariga aa mata abimaninchu , adarinchu , aradinchu allari matram cheyaku",0,2025-07-10T17:31:28Z
eK71EN3P78U,@gullasrinu5260,Super annaâ¤,0,2025-07-09T02:39:22Z
eK71EN3P78U,@LeoRahul7,My 4th time watching this ğŸ”¥ pure experience â¤,0,2025-07-07T18:56:06Z
eK71EN3P78U,@narendranarendra.9568,Good video annağŸ˜Š,0,2025-07-07T02:08:46Z
eK71EN3P78U,@BanothuCharan-vb7df,L,0,2025-07-05T20:51:38Z
eK71EN3P78U,@laxminaga,Super vamshi annaâ¤â¤â¤,0,2025-07-05T13:16:22Z
eK71EN3P78U,@sivareddy25442,Guruji â¤â¤,1,2025-07-03T19:01:21Z
Ei3Oi0zbCX4,@PraveenMajeti,Manollu deenine vasthu annaru ğŸ˜…,0,2025-07-04T16:39:22Z
Ei3Oi0zbCX4,@naveenbhe,Wrost products selling... On Flipkart...,0,2025-07-01T09:36:56Z
Ei3Oi0zbCX4,@divakarc8531,"IKEA à°…à°¨à±‡à°¦à°¿ à°¸à±à°µà±€à°¡à°¨à± à°•à°‚à°ªà±†à°¨à±€, à°¦à°¾à°¨à°¿à°•à°¿ à°¯à±à°à°¸à± à°²à±‹ à°®à°¾à°°à±à°•à±†à°Ÿà± à°°à±€à°¸à±†à°°à±à°šà± à°•à°¿ à°à°‚ à°¸à°‚à°¬à°‚à°§à°‚",0,2025-06-26T09:18:30Z
Ei3Oi0zbCX4,@Expressshorts,MIVI ğŸ¤,0,2025-06-21T01:59:29Z
Ei3Oi0zbCX4,@peaceamongus56778,But this kind of focus not needed in India customers in India are unpredictable it will according to their mood,0,2025-06-18T16:06:39Z
Ei3Oi0zbCX4,@rakeshveladhandi,ğŸ’”,0,2025-06-15T11:44:34Z
Ei3Oi0zbCX4,@junnu-buddy,Who's she,0,2025-06-12T12:32:22Z
Ei3Oi0zbCX4,@divyashree241,This happens in all e-commerce companies not only US,0,2025-06-06T11:08:59Z
Ei3Oi0zbCX4,@iamdagadyt3737,Vammoo koncham makup yakkuva vastee bagundi akka,0,2025-05-26T11:46:04Z
Ei3Oi0zbCX4,@VADTHYASRI-b4i,Lipstick akuva indhi kaddağŸ˜‚,0,2025-05-25T06:53:56Z
Ei3Oi0zbCX4,@gopim7426,Vammo vammo,0,2025-05-05T01:40:57Z
Ei3Oi0zbCX4,@sk_ponnana,Well said,0,2025-05-02T19:07:07Z
Ei3Oi0zbCX4,@kkalluri1,"à°”à°¨à°¾ à°¨à°¿à°œà°®à°¾ .... ğŸ‰ à°†à°®à°§à±à°¯ à°†à°°à±à°Ÿà±€à°¸à°¿ à°¬à°¸à±à°¸à±à°²à°•à± à°°à°‚à°—à±à°²à± à°®à°¾à°°à±à°šà°¿ à°ªà±à°°à°¯à°¾à°£à°¿à°•à±à°² à°¨à± à°†à°•à°°à±à°·à°¿à°‚à°šà±‡ à°ªà±à°°à°¯à°¤à±à°¨à°‚ à°šà±‡à°¸à°¾à°°à± à°¸à±€à°Ÿà± à°†à°•à±à°ªà±†à°¨à±à°¸à±€ à°ªà±†à°‚à°šà±‡ à°‡à°²à°¾à°‚à°Ÿà°¿à°µà±‡ à°ªà°¿à°šà±à°šà°¿ à°¸à°¨à±à°¨à°¾à°¸à±à°²à± à°ªà±à°°à°¯à°¤à±à°¨à°¾à°²à±.à°šà±‡à°¸à°¾à°°à±.. 
à°¸à°°à±à°•à±à°²à± à°²à±‡à°¦à°¾ à°¸à±‡à°µà°²à± à°¨à°¾à°£à±à°¯à°¤ à°•à°²à°¿à°—à°¿à°‰à°‚à°Ÿà±‡ à°µà°¿à°¨à°¿à°¯à±‹à°—à°¦à°¾à°°à±à°²à± à°µà°¾à°°à±‡ à°µà°¸à±à°¤à°¾à°°à±.. 

à°ªà°¨à°¿à°•à°¿à°®à°¾à°²à°¿à°¨ à°µà°¸à±à°¤à±à°µà±à°²à± à°à°µà±à°µà°°à±‚ à°•à±Šà°¨à°°à±, à°…à°µà°¸à°°à°®à±ˆà°¨à°µà°¿ à°®à°¾à°¤à±à°°à°®à±‡ à°•à±Šà°‚à°Ÿà°¾à°°à±.. à°…à°®à±†à°°à°¿à°•à°¾ à°à°¨à°¾ à°…à°®à°²à°¾à°ªà±à°°à°‚ à°à°¨à°¾..",0,2025-03-19T20:39:39Z
Ei3Oi0zbCX4,@swamitrinadh777,Mivi,0,2025-03-16T12:15:05Z
Ei3Oi0zbCX4,@swamitrinadh777,Worst band,0,2025-03-16T12:14:33Z
Ei3Oi0zbCX4,@leelasaisuri5691,Bokka le list rasukoni shopping ki vellinodu legend,0,2025-03-12T04:23:34Z
Ei3Oi0zbCX4,@Anvesh6411,Adoo cinemallu lo chusanu e dialogue,0,2025-03-09T07:30:06Z
Ei3Oi0zbCX4,@gandhibollepalli3432,Everyone is following all these now days... psychology expertise solves all these,0,2025-03-08T13:10:56Z
Ei3Oi0zbCX4,@YogeshE101,Successful without quality ha ha ha anyhow happy to see indian entrepreneur,0,2025-03-05T10:06:16Z
Ei3Oi0zbCX4,@Omkar-k1u,Rarely i see like this type of talent hatsiff to her brain and thinkinv and analyzing process...,1,2025-02-28T14:51:53Z
lX-FWmyX_Gk,@pubjivlogs6895,Pora puka,0,2024-12-24T20:19:28Z
lX-FWmyX_Gk,@MalliNK-p5w,King Of Telangana Rahul Sipligng,0,2024-12-19T05:06:26Z
lX-FWmyX_Gk,@harishm7587,Oscar winning singer,0,2024-12-19T02:13:36Z
lX-FWmyX_Gk,@imvineyofficial7609,Moggalo song !,0,2024-12-18T20:07:40Z
lX-FWmyX_Gk,@vigneshbabumg,"This pep talk might change my life, Thanks rahul â¤",35,2024-12-16T06:27:16Z
lX-FWmyX_Gk,@pradeeprana2837,ğŸ˜¢ğŸ˜¢ğŸ˜¢ğŸ˜¢ğŸ˜¢ğŸ˜¢ğŸ˜¢meaning is not good.dont follow language which is not good.dont make such songs delete this song,1,2024-12-15T21:16:08Z
lX-FWmyX_Gk,@gangadharapriyanka5560,Bgm okkate pedte better,1,2024-12-15T15:03:04Z
lX-FWmyX_Gk,@prabhakar0076,Idhi vyaparamğŸ˜†,0,2024-12-13T10:33:13Z
lX-FWmyX_Gk,@venkateshdeepthi7097,Poor boy was my favourite song Brother really u r so talented,10,2024-12-10T17:39:37Z
lX-FWmyX_Gk,@BalaKishan-mp8go,Super song,0,2024-12-03T17:02:04Z
lX-FWmyX_Gk,@akhithota360,Vidu magadra bujji,0,2024-12-01T15:17:48Z
lX-FWmyX_Gk,@ambicaringdancer924,Endukee asongğŸ¥°ğŸ¥°ğŸ¥°,0,2024-11-27T12:08:23Z
lX-FWmyX_Gk,@NagarjunaArey,Waste.no.intrivewğŸ˜¢,0,2024-11-05T04:39:23Z
lX-FWmyX_Gk,@Adsav22,Average indian youtube revenue 20K to 30K for 1 million views. For 57 million 50L to 60Lakhs how ?? Entertainment and general vlogs falls under low end niche category of youtube.,0,2024-10-30T04:10:10Z
lX-FWmyX_Gk,@MyVibe-07,Oka pata 50million ki minimum 50lks vachai ata ega chusukondi evaru entha sampadisthunro,0,2024-10-23T05:49:10Z
lX-FWmyX_Gk,@Dineshneerudi,https://youtube.com/shorts/fnyBkkS94iY?si=7p1vg2-Bfvbvh_du,0,2024-09-25T08:27:01Z
lX-FWmyX_Gk,@ramesh986699777,Vedu solu antaa malli vedi ki malli intreiw,0,2024-09-20T19:02:13Z
lX-FWmyX_Gk,@prajwalssk3126,â¤â¤â¤,0,2024-08-23T15:38:06Z
lX-FWmyX_Gk,@MKKR2024,Hire a new editor. Background music (noise) yekkuvaga vundhi. ğŸ™„ğŸ¤¦,2,2024-08-13T10:28:36Z
lX-FWmyX_Gk,@ArjunHarshu0628,Enduku ra mee mokalki podcasts lu aa western media copy kotti meeru chesthuntey avule ga undi,0,2024-08-08T10:15:30Z
7QNI51lFjlw,@rawtalkswithvk,"Another new attempt!! Hope you guys like it!
Inka emaina suggestions unte ivvandi tooics and guests gurinchiğŸ«¶ğŸ»ğŸ«¶ğŸ»",2515,2024-07-20T12:38:33Z
7QNI51lFjlw,@alibabugosa4064,Intha yerripuku laa vunnadu veedu LKG LO PADEYANDI,0,2025-07-18T18:40:09Z
7QNI51lFjlw,@srinivasaraopanchumarthi9640,ğŸ™ğŸ™ğŸ™ğŸ™ğŸ™ğŸ™ no words ğŸ™ğŸ‰ğŸ‰ğŸ‰,0,2025-07-16T16:47:50Z
7QNI51lFjlw,@sharath1310,Pelli mata matram chala baundi ğŸ˜…,0,2025-07-13T08:19:40Z
7QNI51lFjlw,@ganeshchandan7287,"Goosebumps really 
I m so happy this videoâ¤â¤â¤â¤â¤â¤â¤â¤â¤â¤â¤â¤â¤â¤â¤",0,2025-07-12T08:17:54Z
7QNI51lFjlw,@SnigdhaMedha,à°¨à±‡à°¨à± à°®à±à°‚à°¦à±à°—à°¾ à°®à±€à°•à± à°¸à°¬à±à°¸à±à°•à±à°°à°¯à°¿à°¬à± à°šà±‡à°¶à°¾à°¨à± à°®à°³à±à°²à±€ à°¤à±€à°¸à±‡à°¸à°¾à°¨à± à°…à°‚à°¡à°¿ à°à°‚à°¦à±à°•à±‹ à°¤à±†à°²à±à°¸à°¾ ? à°ªà°°à°® à°¦à°°à°¿à°¦à±à°°à±à°¡à± à°…à°¯à°¿à°¨à°¾ à°…à°¨à±à°¨à°¿ à°¯à±à°—à±à°—à°¾à°²à±à°²à±‹ à°²à±‹ à°…à°¨à±à°¨à°¿ à°°à°¾à°•à±à°·à°¸à±à°² à°•à°²à°¯à°¿à°• à°¤à±‹ à°ªà±à°Ÿà±à°Ÿà°¿à°¨ à°† à°•à±† à°Ÿà°¿ à°†à°°à±  à°—à°¾à°¡à°¿à°¨à°¿ à°à°ªà±à°ªà±à°¡à±ˆà°¤à±‡ à°‡à°‚à°Ÿà°°à±à°µà±à°¯à±‚ à°šà±‡à°¶à°¾à°°à±‹ à°…à°ªà±à°ªà±à°¡à± à°®à±€ à°›à°¾à°¨à°²à± à°ªà±ˆ à°°à±†à°¸à±à°ªà±†à°•à±à°Ÿà± à°ªà±‹à°¯à°¿à°‚à°¦à°¿ . à°‡à°²à°¾à°‚à°Ÿà°¿ à°®à°‚à°šà°¿ à°µà±€à°¡à°¿à°¯à±‹à°¸à± à°šà±‡à°¯à°‚à°¡à°¿ à°à°ªà±à°¡à±.,0,2025-07-12T07:46:29Z
7QNI51lFjlw,@HappyVibeswithMythreyiChaitya,You are doing great. Congratulations â¤,0,2025-07-10T20:03:06Z
7QNI51lFjlw,@sravankumar6334,ğŸ‘ pichi lanjodakalara chudure,0,2025-07-10T18:23:24Z
7QNI51lFjlw,@Dorasanipalli.ganesh,à°¸à°¹à±‹à°¦à°° à°¨à±€à°µà± à°‡à°²à°¾à°‚à°Ÿà°¿ à°®à°¹à°¾à°¨à± à°­à°¾à°µà±à°²à°¤à±‹ à°®à°¾à°Ÿà±à°²à°¾à°¡à±‡ à°Ÿà°ªà±à°¡à± à°…à°šà±à°šà± à°¤à±†à°²à±à°—à± à°²à±‹ à°®à°¾à°Ÿà±à°²à°¾à°¡à°Ÿà°‚ à°¨à±‡à°°à±à°šà±à°•à±‹ nuv à°à°¦à±‹ à°‡à°‚à°—à±à°²à±€à°·à± à°¨à°¿ à°ªà°Ÿà±à°Ÿà°¿à°¨ à°­à°¾à°·à°² à°®à°¾à°Ÿà±à°²à°¾à°¡à±à°¤à±‚ à°‰à°¨à±à°¨à°¾à°µà± à°«à°¸à±à°Ÿà± à°†à°¦à°¿ à°†à°ªà±‡ à°¨à°¾ à°µà°¿à°¨à±à°¨à°ªà°‚ ğŸ™ à°²à±‡à°¦à°‚à°Ÿà±‡ à°µà±€à°¡à°¿à°¯à±‹à°²à± à°ªà±†à°Ÿà±à°Ÿà°•à±,0,2025-07-09T17:46:49Z
7QNI51lFjlw,@EthicalInsights12,"Today's indian youth must watch this video, please spread as much as you can. Help our cultural roots to grow ğŸ™",0,2025-07-08T19:53:04Z
7QNI51lFjlw,@premalathavineesh9582,à°—à±à°°à±à°µà± à°—à°¾à°°à± à°šà°¾à°²à°¾ à°šà°¾à°²à°¾ à°¤à±‡à°²à°¿à°¯à°¨à°¿ à°µà°¿à°·à°¯à°¾à°²à± à°šà±†à°ªà±à°ªà°¿à°¨à°‚à°¦à±à°•à± tqsm,0,2025-07-07T20:12:43Z
7QNI51lFjlw,@Krishnareddy-s5w,à°¸à°¾à°°à± à°®à±€à°°à±‚ à°šà±†à°ªà±à°ªà±‡à°Ÿà°¿à°µà°¿ à°¨à°¿à°œà°®à±‡ à°•à°¾à°¨à±€ à°®à°‚à°—à°³à°¿ à°…à°¤à°¨à± à°¨à°¾à°¯à°¬à±à°°à°¹à°®à±à°®à°¨à±à°¡à± à°¶à°¾à°¸à±à°¤à±à°° à°šà°¿à°•à°¿à°¤à±à°¸ à°šà±‡à°¯à°¡à°‚ à°œà°°à°¿à°—à°¿à°‚à°¦à°¿,0,2025-07-07T17:55:01Z
7QNI51lFjlw,@ramvelivela1611,Subscribed Bro Bell Icon pressed For Notifications so that Reach out to your Valuable information from Madan Gupta Garu â¤â¤â¤Gem of a Personâ¤â¤â¤â¤we need more people Like Madan Gupta Garu,1,2025-07-07T11:32:34Z
7QNI51lFjlw,@addapavan5200,Emoto's claims proved as wrong and he is referred as psedoscientist.,0,2025-07-07T09:33:06Z
7QNI51lFjlw,@paddyl3664,ğŸ‘ğŸ‘,0,2025-07-06T19:55:52Z
7QNI51lFjlw,@Mahathi-p2w,à°°à°¾à°œà°¾ à°°à°¾à°œà°¾ à°šà±‹à°²à°¾,0,2025-07-06T11:06:50Z
7QNI51lFjlw,@PriyankGowda-u6z,Ayya miru kanipisthe kallu mokkalalani undi,0,2025-07-06T08:40:58Z
7QNI51lFjlw,@Padmavathy-h9i,"Related why temples are there and why gods are like this is wrong but ,the rest is correct",0,2025-07-05T20:12:00Z
7QNI51lFjlw,@rajkollaps,Very good podcast vamsi,0,2025-07-04T15:21:40Z
7QNI51lFjlw,@srinivasgollapalli9765,Sri veedu 100Yenkar pakisani,0,2025-07-03T20:26:16Z
